{"roc": {"fpr": [0.0, 0.0, 0.0, 0.004048582995951417, 0.004048582995951417, 0.008097165991902834, 0.008097165991902834, 0.016194331983805668, 0.016194331983805668, 0.020242914979757085, 0.020242914979757085, 0.02834008097165992, 0.02834008097165992, 0.03643724696356275, 0.03643724696356275, 0.04048582995951417, 0.04048582995951417, 0.044534412955465584, 0.044534412955465584, 0.048582995951417005, 0.048582995951417005, 0.06882591093117409, 0.06882591093117409, 0.0728744939271255, 0.0728744939271255, 0.0931174089068826, 0.0931174089068826, 0.09716599190283401, 0.09716599190283401, 0.15384615384615385, 0.15384615384615385, 0.16194331983805668, 0.16194331983805668, 0.1700404858299595, 0.1700404858299595, 0.1862348178137652, 0.1862348178137652, 0.2145748987854251, 0.2145748987854251, 0.21862348178137653, 0.21862348178137653, 0.23076923076923078, 0.23076923076923078, 0.27125506072874495, 0.27125506072874495, 0.2834008097165992, 0.2834008097165992, 0.30364372469635625, 0.30364372469635625, 0.32793522267206476, 0.32793522267206476, 0.3481781376518219, 0.3481781376518219, 0.3765182186234818, 0.3765182186234818, 0.4048582995951417, 0.4048582995951417, 0.46153846153846156, 0.46153846153846156, 0.5708502024291497, 0.5708502024291497, 0.582995951417004, 0.582995951417004, 0.7449392712550608, 0.7449392712550608, 0.8623481781376519, 0.8623481781376519, 1.0], "tpr": [0.0, 0.02127659574468085, 0.06382978723404255, 0.06382978723404255, 0.0851063829787234, 0.0851063829787234, 0.10638297872340426, 0.10638297872340426, 0.1276595744680851, 0.1276595744680851, 0.2127659574468085, 0.2127659574468085, 0.2553191489361702, 0.2553191489361702, 0.2978723404255319, 0.2978723404255319, 0.3404255319148936, 0.3404255319148936, 0.3617021276595745, 0.3617021276595745, 0.3829787234042553, 0.3829787234042553, 0.40425531914893614, 0.40425531914893614, 0.46808510638297873, 0.46808510638297873, 0.48936170212765956, 0.48936170212765956, 0.5106382978723404, 0.5106382978723404, 0.5319148936170213, 0.5319148936170213, 0.5531914893617021, 0.5531914893617021, 0.574468085106383, 0.574468085106383, 0.5957446808510638, 0.5957446808510638, 0.6170212765957447, 0.6170212765957447, 0.6382978723404256, 0.6382978723404256, 0.6595744680851063, 0.6595744680851063, 0.7021276595744681, 0.7021276595744681, 0.7659574468085106, 0.7659574468085106, 0.7872340425531915, 0.7872340425531915, 0.8297872340425532, 0.8297872340425532, 0.851063829787234, 0.851063829787234, 0.8723404255319149, 0.8723404255319149, 0.8936170212765957, 0.8936170212765957, 0.9148936170212766, 0.9148936170212766, 0.9361702127659575, 0.9361702127659575, 0.9574468085106383, 0.9574468085106383, 0.9787234042553191, 0.9787234042553191, 1.0, 1.0], "auc": 0.8099750193815143}, "cm": {"tn": 231, "fp": 16, "fn": 29, "tp": 18}, "report": {"0": {"precision": 0.8884615384615384, "recall": 0.9352226720647774, "f1-score": 0.9112426035502958, "support": 247.0}, "1": {"precision": 0.5294117647058824, "recall": 0.3829787234042553, "f1-score": 0.4444444444444444, "support": 47.0}, "accuracy": 0.8469387755102041, "macro avg": {"precision": 0.7089366515837103, "recall": 0.6591006977345164, "f1-score": 0.6778435239973701, "support": 294.0}, "weighted avg": {"precision": 0.831062424969988, "recall": 0.8469387755102041, "f1-score": 0.8366184080469794, "support": 294.0}}, "features": {"StockOptionLevel": 0.24476340413093567, "Overtime_Flag": 0.12238848954439163, "WorkLifeBalance": 0.07104873657226562, "EnvironmentSatisfaction": 0.06425278633832932, "YearsWithCurrManager": 0.05960783362388611, "JobSatisfaction": 0.056695640087127686, "TotalWorkingYears": 0.056500066071748734, "YearsAtCompany": 0.05566299706697464, "TotalSatisfaction": 0.054818302392959595, "Age": 0.04600559547543526, "YearsInCurrentRole": 0.043973490595817566, "Experience_Company_Ratio": 0.03793025389313698, "DistanceFromHome": 0.03425148129463196, "DailyRate": 0.02755282074213028, "Income_per_Age": 0.024547988548874855}}