{"roc": {"fpr": [0.0, 0.0, 0.0, 0.004048582995951417, 0.004048582995951417, 0.008097165991902834, 0.008097165991902834, 0.012145748987854251, 0.012145748987854251, 0.016194331983805668, 0.016194331983805668, 0.020242914979757085, 0.020242914979757085, 0.024291497975708502, 0.024291497975708502, 0.02834008097165992, 0.02834008097165992, 0.044534412955465584, 0.044534412955465584, 0.048582995951417005, 0.048582995951417005, 0.05263157894736842, 0.05263157894736842, 0.06477732793522267, 0.06477732793522267, 0.07692307692307693, 0.07692307692307693, 0.08502024291497975, 0.08502024291497975, 0.1417004048582996, 0.1417004048582996, 0.1700404858299595, 0.1700404858299595, 0.18218623481781376, 0.18218623481781376, 0.20242914979757085, 0.20242914979757085, 0.242914979757085, 0.242914979757085, 0.2591093117408907, 0.2591093117408907, 0.26720647773279355, 0.26720647773279355, 0.29554655870445345, 0.29554655870445345, 0.3117408906882591, 0.3117408906882591, 0.3360323886639676, 0.3360323886639676, 0.3724696356275304, 0.3724696356275304, 0.3805668016194332, 0.3805668016194332, 0.38461538461538464, 0.38461538461538464, 0.3967611336032389, 0.3967611336032389, 0.7408906882591093, 0.7408906882591093, 0.7651821862348178, 0.7651821862348178, 0.7813765182186235, 0.7813765182186235, 0.8461538461538461, 0.8461538461538461, 0.8663967611336032, 0.8663967611336032, 1.0], "tpr": [0.0, 0.02127659574468085, 0.10638297872340426, 0.10638297872340426, 0.1276595744680851, 0.1276595744680851, 0.1702127659574468, 0.1702127659574468, 0.23404255319148937, 0.23404255319148937, 0.2553191489361702, 0.2553191489361702, 0.2765957446808511, 0.2765957446808511, 0.3404255319148936, 0.3404255319148936, 0.3617021276595745, 0.3617021276595745, 0.3829787234042553, 0.3829787234042553, 0.425531914893617, 0.425531914893617, 0.44680851063829785, 0.44680851063829785, 0.46808510638297873, 0.46808510638297873, 0.48936170212765956, 0.48936170212765956, 0.5106382978723404, 0.5106382978723404, 0.5531914893617021, 0.5531914893617021, 0.574468085106383, 0.574468085106383, 0.5957446808510638, 0.5957446808510638, 0.6170212765957447, 0.6170212765957447, 0.6382978723404256, 0.6382978723404256, 0.6595744680851063, 0.6595744680851063, 0.6808510638297872, 0.6808510638297872, 0.7021276595744681, 0.7021276595744681, 0.723404255319149, 0.723404255319149, 0.7446808510638298, 0.7446808510638298, 0.7872340425531915, 0.7872340425531915, 0.8085106382978723, 0.8085106382978723, 0.8297872340425532, 0.8297872340425532, 0.851063829787234, 0.851063829787234, 0.8723404255319149, 0.8723404255319149, 0.9361702127659575, 0.9361702127659575, 0.9574468085106383, 0.9574468085106383, 0.9787234042553191, 0.9787234042553191, 1.0, 1.0], "auc": 0.7743991730553881}, "cm": {"tn": 173, "fp": 74, "fn": 14, "tp": 33}, "report": {"0": {"precision": 0.9251336898395722, "recall": 0.7004048582995951, "f1-score": 0.7972350230414746, "support": 247.0}, "1": {"precision": 0.308411214953271, "recall": 0.7021276595744681, "f1-score": 0.42857142857142855, "support": 47.0}, "accuracy": 0.7006802721088435, "macro avg": {"precision": 0.6167724523964216, "recall": 0.7012662589370315, "f1-score": 0.6129032258064516, "support": 294.0}, "weighted avg": {"precision": 0.8265420016774765, "recall": 0.7006802721088435, "f1-score": 0.73829900623844, "support": 294.0}}, "feature_importances": [{"feature": "TotalWorkingYears", "importance": 0.13149443834008903}, {"feature": "YearsAtCompany", "importance": 0.13039016090128855}, {"feature": "Overtime_Flag", "importance": 0.12392305203780495}, {"feature": "StockOptionLevel", "importance": 0.09276602023390117}, {"feature": "TotalSatisfaction", "importance": 0.07656138118708829}, {"feature": "YearsWithCurrManager", "importance": 0.0743158124137602}, {"feature": "Experience_Company_Ratio", "importance": 0.07054854703041089}, {"feature": "Age", "importance": 0.06400039774635322}, {"feature": "WorkLifeBalance", "importance": 0.05617912436655007}, {"feature": "Income_per_Age", "importance": 0.04021940392883945}, {"feature": "DailyRate", "importance": 0.03621260609065162}, {"feature": "DistanceFromHome", "importance": 0.03265814398096765}, {"feature": "EnvironmentSatisfaction", "importance": 0.029656528736575902}, {"feature": "JobSatisfaction", "importance": 0.02493582906767869}, {"feature": "YearsInCurrentRole", "importance": 0.01613855393804034}], "features": {"Age": 0.06400039774635322, "DailyRate": 0.03621260609065162, "StockOptionLevel": 0.09276602023390117, "TotalWorkingYears": 0.13149443834008903, "YearsAtCompany": 0.13039016090128855, "YearsWithCurrManager": 0.0743158124137602, "Income_per_Age": 0.04021940392883945, "TotalSatisfaction": 0.07656138118708829, "Overtime_Flag": 0.12392305203780495, "Experience_Company_Ratio": 0.07054854703041089, "DistanceFromHome": 0.03265814398096765, "YearsInCurrentRole": 0.01613855393804034, "WorkLifeBalance": 0.05617912436655007, "JobSatisfaction": 0.02493582906767869, "EnvironmentSatisfaction": 0.029656528736575902}}